{
  "__version__": "1.0.3",
  "builder": {},
  "gizmos-infos": {
    "is2D": false,
    "is3DIcon": false,
    "iconSize": 2,
    "gridVisible": true,
    "originAxis2D": {
      "x_visible": true,
      "y_visible": true,
      "z_visible": false
    },
    "originAxis3D": {
      "x_visible": true,
      "y_visible": false,
      "z_visible": true
    },
    "gridColor": [
      166,
      166,
      166,
      255
    ],
    "transformToolName": "position",
    "pivot": "pivot",
    "coordinate": "local",
    "toolsVisibility3d": true
  },
  "snap-configs": {
    "position": {
      "x": 1,
      "y": 1,
      "z": 1
    },
    "rotation": 1,
    "scale": 1,
    "isPositionSnapEnabled": false,
    "isRotationSnapEnabled": false,
    "isScaleSnapEnabled": false
  },
  "rect-snap-configs": {
    "enableSnapping": true,
    "snapThreshold": 4
  },
  "camera-infos": {
    "61b88703-b15c-4deb-8ae9-f2ddb83b7456": {
      "position": {
        "x": 22.007329300329722,
        "y": 22.007329300329715,
        "z": 22.00732930032971
      },
      "rotation": {
        "x": -0.27984814233312133,
        "y": 0.3647051996310009,
        "z": 0.11591689595929512,
        "w": 0.8804762392171493
      },
      "viewCenter": {
        "x": 0,
        "y": 0,
        "z": 0
      },
      "contentRect": {
        "x": 0,
        "y": 0,
        "width": 958,
        "height": 652
      },
      "scale": 1
    },
    "c71f7825-05b0-4ed8-93f9-902a3afc7b75": {
      "position": {
        "x": 22.007329300312634,
        "y": 22.00732930031263,
        "z": 22.007329300312627
      },
      "rotation": {
        "x": -0.27984814233312133,
        "y": 0.3647051996310009,
        "z": 0.11591689595929512,
        "w": 0.8804762392171493
      },
      "viewCenter": {
        "x": 0,
        "y": 0,
        "z": 0
      },
      "contentRect": {
        "x": 0,
        "y": 0,
        "width": 958,
        "height": 652
      },
      "scale": 1
    },
    "1e01c10b-30be-48bc-ad04-aeb0be96b09f": {
      "position": {
        "x": 22.007329300321175,
        "y": 22.00732930032117,
        "z": 22.007329300321167
      },
      "rotation": {
        "x": -0.27984814233312133,
        "y": 0.3647051996310009,
        "z": 0.11591689595929512,
        "w": 0.8804762392171493
      },
      "viewCenter": {
        "x": 0,
        "y": 0,
        "z": 0
      },
      "contentRect": {
        "x": 0,
        "y": 0,
        "width": 958,
        "height": 652
      },
      "scale": 1
    },
    "946c5623-2fde-44ec-a213-d3172b537de7": {
      "position": {
        "x": 22.007329300321175,
        "y": 22.00732930032117,
        "z": 22.007329300321167
      },
      "rotation": {
        "x": -0.27984814233312133,
        "y": 0.3647051996310009,
        "z": 0.11591689595929512,
        "w": 0.8804762392171493
      },
      "viewCenter": {
        "x": 0,
        "y": 0,
        "z": 0
      },
      "contentRect": {
        "x": 0,
        "y": 0,
        "width": 958,
        "height": 652
      },
      "scale": 1
    },
    "7fb9c547-3a4d-4f19-ac9f-0d4d0b72548f": {
      "position": {
        "x": 22.007329300321175,
        "y": 22.00732930032117,
        "z": 22.007329300321167
      },
      "rotation": {
        "x": -0.27984814233312133,
        "y": 0.3647051996310009,
        "z": 0.11591689595929512,
        "w": 0.8804762392171493
      },
      "viewCenter": {
        "x": 0,
        "y": 0,
        "z": 0
      },
      "contentRect": {
        "x": 0,
        "y": 0,
        "width": 958,
        "height": 652
      },
      "scale": 1
    },
    "7497b1a1-4b85-4f33-b84f-2bd86722faaa": {
      "position": {
        "x": 22.007329300321175,
        "y": 22.00732930032117,
        "z": 22.007329300321167
      },
      "rotation": {
        "x": -0.27984814233312133,
        "y": 0.3647051996310009,
        "z": 0.11591689595929512,
        "w": 0.8804762392171493
      },
      "viewCenter": {
        "x": 0,
        "y": 0,
        "z": 0
      },
      "contentRect": {
        "x": 0,
        "y": 0,
        "width": 958,
        "height": 652
      },
      "scale": 1
    },
    "baf4d9c2-2a52-4feb-9d30-ee00e9bcf080": {
      "position": {
        "x": 22.007329300321175,
        "y": 22.00732930032117,
        "z": 22.007329300321167
      },
      "rotation": {
        "x": -0.27984814233312133,
        "y": 0.3647051996310009,
        "z": 0.11591689595929512,
        "w": 0.8804762392171493
      },
      "viewCenter": {
        "x": 0,
        "y": 0,
        "z": 0
      },
      "contentRect": {
        "x": 0,
        "y": 0,
        "width": 958,
        "height": 652
      },
      "scale": 1
    },
    "8df4de9d-2ddb-41eb-8282-136c2b32f3bc": {
      "position": {
        "x": 22.007329300321175,
        "y": 22.00732930032117,
        "z": 22.007329300321167
      },
      "rotation": {
        "x": -0.27984814233312133,
        "y": 0.3647051996310009,
        "z": 0.11591689595929512,
        "w": 0.8804762392171493
      },
      "viewCenter": {
        "x": 0,
        "y": 0,
        "z": 0
      },
      "contentRect": {
        "x": 0,
        "y": 0,
        "width": 958,
        "height": 652
      },
      "scale": 1
    },
    "5a19da08-bdb6-4ada-9ef2-7bc8832cdbda": {
      "position": {
        "x": 22.007329300321175,
        "y": 22.00732930032117,
        "z": 22.007329300321167
      },
      "rotation": {
        "x": -0.27984814233312133,
        "y": 0.3647051996310009,
        "z": 0.11591689595929512,
        "w": 0.8804762392171493
      },
      "viewCenter": {
        "x": 0,
        "y": 0,
        "z": 0
      },
      "contentRect": {
        "x": 0,
        "y": 0,
        "width": 958,
        "height": 652
      },
      "scale": 1
    },
    "e7ac9e7c-5976-483f-b186-25843401bc36": {
      "position": {
        "x": 22.007329300321175,
        "y": 22.00732930032117,
        "z": 22.007329300321167
      },
      "rotation": {
        "x": -0.27984814233312133,
        "y": 0.3647051996310009,
        "z": 0.11591689595929512,
        "w": 0.8804762392171493
      },
      "viewCenter": {
        "x": 0,
        "y": 0,
        "z": 0
      },
      "contentRect": {
        "x": 0,
        "y": 0,
        "width": 958,
        "height": 652
      },
      "scale": 1
    },
    "4cfd1b75-2ea0-4071-a23a-40702961d6d3": {
      "position": {
        "x": 22.007329300321175,
        "y": 22.00732930032117,
        "z": 22.007329300321167
      },
      "rotation": {
        "x": -0.27984814233312133,
        "y": 0.3647051996310009,
        "z": 0.11591689595929512,
        "w": 0.8804762392171493
      },
      "viewCenter": {
        "x": 0,
        "y": 0,
        "z": 0
      },
      "contentRect": {
        "x": 0,
        "y": 0,
        "width": 958,
        "height": 652
      },
      "scale": 1
    },
    "a3a7e282-946d-4111-8708-3e889f36cca5": {
      "position": {
        "x": 22.007329300321175,
        "y": 22.00732930032117,
        "z": 22.007329300321167
      },
      "rotation": {
        "x": -0.27984814233312133,
        "y": 0.3647051996310009,
        "z": 0.11591689595929512,
        "w": 0.8804762392171493
      },
      "viewCenter": {
        "x": 0,
        "y": 0,
        "z": 0
      },
      "contentRect": {
        "x": 0,
        "y": 0,
        "width": 958,
        "height": 652
      },
      "scale": 1
    },
    "de681ec3-2ca8-4c1e-bea6-199c7ade2450": {
      "position": {
        "x": 22.007329300321175,
        "y": 22.00732930032117,
        "z": 22.007329300321167
      },
      "rotation": {
        "x": -0.27984814233312133,
        "y": 0.3647051996310009,
        "z": 0.11591689595929512,
        "w": 0.8804762392171493
      },
      "viewCenter": {
        "x": 0,
        "y": 0,
        "z": 0
      },
      "contentRect": {
        "x": 0,
        "y": 0,
        "width": 958,
        "height": 652
      },
      "scale": 1
    },